[
  {
    "input": "苏州市姑苏区观前街65号(实际位置为观前街73号)非居住用房现状租金价值咨询估价1",
    "city": "姑苏区",
    "name": "观前街吉由巷65号/T.Joy",
    "address": "江苏省苏州市姑苏区观前街65号",
    "ifTrust": true,
    "isDanger": "false",
    "simplifycontent": "咨询非居住用房租金估价",
    "level": "门址",
    "location": {
      "lng": 334333.5702976012,
      "lat": 665322.9475618107,
      "CGCS2000X": 120.61876010400951,
      "CGCS2000Y": 31.30969849336554
    },
    "filename": "苏州市姑苏区观前街65号(实际位置为观前街73号)非居住用房现状租金价值咨询估价1.pdf",
    "content": "# 房地产咨询估价报告\n估价项目名称：苏州市姑苏区观前街65号（实际位置为观前街73号）非居住用房现状租金价值咨询估价\n估价委托人：苏州历史文化名城资产管理有限公司\n房地产估价机构：苏州荣和土地房地产评估咨询有限公司\n注册房地产估价师：陶郁（注册号 3220070114），於秋香（注册号 3220190186）\n估价报告出具日期：2023年08月01日\n估价报告编号：苏荣和评字（2023）第08007号\n\n苏州荣和土地房地产评估咨询有限公司\n公司地址：苏州市姑苏区东大街5-4号\n电话：0512-65165520\n传真：0512-65165520\n邮政编码：215007\n# 致估价委托人函\n苏州历史文化名城资产投资管理有限公司：\n\n承蒙委托，我公司对贵方委托之房地产进行估价，价值时点为2023年08月01日，估价目的是为委托方了解估价对象现状租金价值提供参考依据。根据贵方提供的有关资料，依据我国有关法规、制度，遵循必要的估价程序与原则，经过实地查勘和市场调查，结合注册房地产估价师经验和对影响房地产价值因素的分析、计算，现估价结果如下：\n\n## 估价结果明细表\n|房地产座落|现状用途|所在楼层|租赁面积（m²）|租金范围（元/m²·月）|\n| ---- | ---- | ---- | ---- | ---- |\n|观前街65号（实际位置为观前街73号）|非居住|1-2F|128.77|450-530|\n\n特别提示：\n1. 本报告仅为委托人了解估价对象现状租金价值提供参考依据，不对其他用途负责。\n2. 报告使用人在使用本报告之前须对报告全文。报告之前须对报告全文，特别是“估价的假设和限制条件”认真阅读，以免使用不当，造成损失！\n\n苏州荣和土地房地产评估咨询有限公司\n二零二三年八月一日\n\n地址：苏州市姑苏区东大街5-4号\n电话：0512-65165520\n传真：0512-65165520\n# 目 录\n一、估价师声明......1\n二、估价假设和限制条件......2\n三、估价结果报告......5\n  - （一）、估价委托人......5\n  - （二）、房地产估价机构......5\n  - （三）、估价目的......5\n  - （四）、估价对象......5\n  - （五）、价值时点......7\n  - （六）、价值类型......7\n  - （七）、估价原则......7\n  - （八）、估价依据......7\n  - （九）、估价方法......8\n  - （十）、估价结果......9\n  - （十一）、注册房地产估价师......10\n  - （十二）、实地查勘期......10\n  - （十三）、估价作业日期......10\n四、附表：类似物业市场调查表......11\n五、附 件......14\n# 估价师声明\n我们郑重声明:\n1.注册房地产估价师在估价报告中对事实的说明是真实的和准确的，没有虚假记载、误导性陈述和重大遗漏;\n2.本估价报告中的分析、意见和结论是注册房地产估价师独立、客观、公正的专业分析、意见和结论，但受到估价报告中已说明的假设和限制条件的限制;\n3.注册房地产估价师与估价报告中的估价对象没有现实或潜在的利益，与估价委托人及估价利害关系人没有利害关系，也与估价对象、估价委托人及利害关系人没有偏见;\n4.注册房地产估价师依照中华人民共和国国家标准GB/T50291-2015《房地产估价规范》、中华人民共和国国家标准GB/T50899-2013《房地产估价基本术语标准》等有关房地产估价标准的规定进行估价工作，撰写估价报告。\n# 估价假设和限制条件\n## （一）、一般假设\n1. 估价委托人未提供估价对象的《房屋所有权证》及《国有土地使用证》，本报告中估价对象的房屋租赁面积、用途等数据由委托方提供的相关资料确定，实际面积、规划用途以房屋产权登记相关文件为准，若上述情况发生变化，需调整估价结果乃至重新估价。\n2. 本报告出具的估价结果未考虑国家宏观经济政策发生重大变化及遇到自然力和其他不可抗力可能对委估房地产价值造成的影响。\n3. 估价对象在价值时点的房地产市场为公开、平等、自愿的交易市场，即能满足以下条件：\n（1）自愿租赁的双方；\n（2）交易双方无任何利害关系；\n（3）交易双方了解交易对象、知晓市场行情；\n（4）交易双方有较充裕的时间进行交易。\n4. 注册房地产估价师已对房屋安全、环境污染等影响估价对象价值的重大因素给予了关注，在无理由怀疑估价对象存在隐患且无相应的专业机构进行鉴定、检测的情况下，假定估价对象能正常安全使用。\n5. 假设估价对象为合法使用和按现行用途继续使用。而且假设估价对象所涉及房地产在估价目的经济行为实现后，仍按照预定之开发经营计划、开发经营方式持续开发或经营，与估价对象经营有关的国家产业政策、金融政策、税收政策等宏观环境相对稳定。\n## （二）、未定事项假设\n1. 估价委托人未提供相关建造年份资料，故本次估价建筑物的建造年份在本报告中不予描述。\n2. 由于委托人未提供估价对象的《房屋所有权证》，根据估价委托人委托方提供的《房地产估价委托书》，本次估价建筑物的租赁面积为128.77m² 。\n### （三）、背离事实假设\n1. 估价结果是为委托方了解估价对象现状租金价值提供参考依据，估价时没有考虑国家宏观经济政策发生变化、市场供应关系变化、市场结构转变、遇到自然力和其他不可抗力等因素对房地产租金价值的影响，也没有考虑估价对象将来可能承担违约责任的事宜，以及特殊交易方式下的特殊交易价格等对估价结果的影响。当上述条件发生变化时，估价结果一般亦会发生变化。\n2. 估价结果未考虑估价对象及其所有权人已承担的债务、或有债务及经营决策失误或市场运作失当对其价值的影响。\n\n### （四）、不相一致假设\n委托方提供的估价对象坐落为观前街65号，估价对象实际门牌号为观前街73号，根据委托方指认及估价人员现场查勘，实际为同一处房地产。若上述条件发生变化，估价结果亦会发生变化。\n\n### （五）、依据不足假设\n本次估价无依据不足假设。\n\n### （六）、估价报告使用限制\n1. 本估价报告的估价结论是根据委托人提供的资料，对估价对象进行现有状况下的估价，该结论仅限于为委托方了解估价对象现状租金价值提供参考依据，不对其它用途负责。\n2. 本估价报告自出具之日起一年内有效。在有效期限内，如果价值标准以及房地产市场行情等影响房地产价值的因素发生重大的变化，并且对房地产估价值产生明显影响时，应对估价值进行调整或重新估价。\n3. 本报告专为委托人使用，未经本公司同意，不得向委托人和估价报告审查部门之外的单位和个人提供。报告的全部或部分内容不得转载于任何 \n文件、公示、声明及公开媒体上。\n\n地址：苏州市姑苏区东大街5-4号\n电话：0512-65165520\n传真：0512-65165520\n第4页\n# 估价结果报告\n## （一）、估价委托人\n估价委托人：苏州历史文化名城资产投资管理有限公司\n\n## （二）、房地产估价机构\n机构名称：苏州荣和土地房地产评估咨询有限公司\n法定代表人：娄萍（执行事务合伙人）\n住所：江苏省苏州市东大街5-4号\n统一社会信用代码：91320508796140999E\n备案等级：贰级\n证书编号：苏建房估备（贰）苏州00002\n有效期限：2017年02月08日至2026年02月07日\n联系电话：0512-65165520\n传真：0512-65165520\n\n## （三）、估价目的\n为委托方了解估价对象现状租金价值提供参考依据。\n\n## （四）、估价对象\n1.估价对象范围：\n委托估价房地产位于苏州市姑苏区观前街65号（实际位置为观前街73号），房地产现状用途为非居住，租赁面积为128.77m2。\n\n2.估价对象区位状况\n### 2.1区域概况\n苏州，地处长江三角洲，中国华东地区的特大城市之一，位于江苏省东南部，是长江三角洲经济圈北翼重要的副中心城市之一，是江苏省重要的经济、对外贸易、工商业中心和重要的文化、艺术、教育和交通枢纽，是中国最具经济活力城市之一。苏州历史悠久，人文荟萃，是全国首批历\n### 2.2地理位置\n估价对象紧邻观巷，其四至为：东临观巷、西临商业用房“叶受和”、南临商业用房“罗禧记”、北临观前街，所处位置较好。\n\n### 2.3交通情况\n估价对象区域范围内有临顿路、观前街等主次干道，道路等级较高，道路通达度一般，有地铁1号线、4号线及2路、8路、9路、32路、40路等多条公交线路可以到达，区域内公共交通便利性好。\n\n### 2.4基础及公共配套设施\n估价对象所在区域内七通一平（即通路、通电、通上水、通下水、通讯、通燃气、通有线电视和场地平整）等基础配套设施完善，周边有大新新村、观东小区等住宅小区；有苏州市第一初级中学、苏州市平江实验小学校、江苏省苏州第一中学等教育配套设施；有中国建设银行、江苏银行、华夏银行等各大银行均设有分支机构；有美罗超市、观前小商品市场、莱迪购物等生活配套设施，基础公共配套设施齐全，所处位置较好。\n\n### 2.5周围环境景观\n估价对象周边区域大气环境、水环境、声环境质量好，周边商业用房多，商业氛围好，交通便捷，商业环境好。\n\n### 3.估价对象实物状况分析\n#### 3.1估价对象建筑物状况\n估价对象位于苏州市姑苏区观前街65号（实际位置为观前街73号），现状用途为非居住。建筑物总层数为4层，估价对象位于第1-2层，于价值时点，作为“平望辣酱”出租使用。估价对象墙面粉刷涂料，地面铺地砖，简单吊顶。\n## （五）、价值时点\n根据本项目的估价目的，并经与估价委托人沟通，确定本次估价的价值时点为2023年08月01日。\n\n## （六）、价值类型\n本次估价价值类型为估价对象苏州市姑苏区观前街65号（实际位置为观前街73号）房地产在价值时点的房地产现状租金价值。\n\n价值内涵：本报告估价结果界定为估价对象土地使用权与建筑物所有权于价值时点满足估价的全部假设与限制条件下的现状租金价值。\n\n现状价值：估价对象在某一特定时间的实际状况下的价值。\n\n建筑物所有权内涵：本报告估价结果所涉及估价对象建筑物，用途、装饰装修、建筑结构、设备设施、新旧程度等状况均为现状条件。\n\n## （七）、估价原则\n本次估价遵循了独立、客观、公正原则、合法原则、价值时点原则、替代原则。\n\n1. 客观、独立、公正原则：要求站在中立的立场上，实事求是、公平正直地评估出对各方估价利害关系人均是公平合理的价值或价格的原则。\n\n2. 合法原则：要求估价结果是在依法判定的估价对象状况下的价值或价格的原则。\n\n3. 价值时点原则：要求估价结果是在根据估价目的确定的某一特定时间的价值或价格的原则。\n\n4. 替代原则：要求估价结果与估价对象的类似房地产在同等条件下的价值或价格偏差在合理范围内的原则。\n\n## （八）、估价依据\n1.本次估价所依据的有关法律、法规和部门规章\n\n①《中华人民共和国民法典》（2020年5月28日，十三届全国人大三次 \n- 会议表决通过，自2021年1月1日起施行）。\n  - ②《中华人民共和国城市房地产管理法》（根据2019年8月26日第十三届全国人民代表大会常务委员会第十二次会议通过，自2020年1月1日起施行）。\n  - ③《中华人民共和国土地管理法》（根据2019年8月26日第十三届全国人民代表大会常务委员会第十二次会议通过，自2020年1月1日起施行）。\n  - ④《中华人民共和国城乡规划法》（2007年10月28日第十届全国人民代表大会常务委员会第三十次会议通过，2008年1月1日施行）\n  - ⑤《中华人民共和国资产评估法》（中华人民共和国第十二届全国人民代表大会常务委员会第二十一次会议于2016年7月2日通过，自2016年12月1日起施行）。\n  - ⑥《中华人民共和国城市维护建设税法》（中华人民共和国主席令第五十一号，2020年8月11日第十三届全国人民代表大会常务委员会第二十一次会议通过）。\n  - ⑦《苏州市市级行政事业单位国有资产管理暂行办法》（苏府办〔2010〕242号）\n2.本次估价采用的技术规程\n  - ①中华人民共和国国家标准GB/T50291 - 2015《房地产估价规范》\n  - ②中华人民共和国国家标准GB/T50899-2013《房地产估价基本术语标准》\n3.估价机构和估价人员所搜集掌握的有关资料\n  - ①估价人员实地查勘和搜集的资料\n  - ②苏州市姑苏区房地产市场信息和租赁资料\n（九）、估价方法\n求取房地产市场价值时，主要的估价方法有比较法、成本法、收益法、假设开发法等，比较法适用于市场发达、交易活跃、有充足的具有替代性房地产的估价，成本法适用于无市场依据或市场依据不充分而不易采用市\n场法、收益法、假设开发法进行估价情况下的房地产估价，收益法适用于有现实收益或潜在收益的房地产估价，假设开发法适用于具有投资开发或有开发潜力的房地产估价。需根据特定的估价目的、估价对象状况、交易市场情况等选择适宜的估价方法。\n\n估价人员深入细致地分析了评估项目的特点和实际状况，并研究了委托方提供的及所掌握的资料，在现场勘查和市场调查的基础上认为，委估房产现作为非居住用房，用于出租使用，估价对象所在区域房地产租赁比较活跃，租赁案例资料较多且容易收集，比较法是比较合适的方法。\n\n综上所述，注册房地产估价师在认真分析所掌握的资料并对邻近类似房地产进行实地查看调查后，根据估价对象的特点及本次估价目的，遵照国家有关法律、法规、估价技术标准，对估价对象采用比较法进行估价。\n\n比较法：选取一定数量的可比实例，将它们与估价对象进行比较，根据其间的差异对可比实例成交价格进行处理后得到估价对象价值或价格的方法。\n\n计算公式：$P=(\\sum_{i = 1}^{n} X_{i}a_{i}b_{i}c_{i})/n$\n\n其中：\nP—估价对象房地产租金价值\nn—选取的可比实例个数\nXi—第i个可比实例的租金价值\nai、bi、ci—第i个可供比较实例的交易情况、市场状况、房地产状况的修正调整系数。\n\n### （十）、估价结果\n注册房地产估价师根据估价目的，遵循估价原则，依据相关法律法规和制度政策，经过市场调查和实地查勘，运用科学合理的估价方法，对估价对象现状租金价值进行测算，确定估价对象现状租金价值如下表：\n\n地址：苏州市姑苏区东大街5-4号\n电话：0512-65165520\n传真：0512-65165520\n第9页 \n### 估价结果明细表\n|房地产座落|现状用途|所在楼层|租赁面积（m²）|租金范围（元/m²·月）|\n| ---- | ---- | ---- | ---- | ---- |\n|观前街65号（实际位置为观前街73号）|非居住|1-2F|128.77|450 - 530|\n\n#### （十一）、注册房地产估价师\n参加估价的注册房地产估价师\n\n|姓名|注册号|签名|签名日期|\n| ---- | ---- | ---- | ---- |\n|陶郁|3220070114|陶郁|2023年8月1日|\n|於秋香|3220190186|於秋香|2023年8月1日|\n\n#### （十二）、实地查勘期\n2023年08月01日\n\n#### （十三）、估价作业日期\n2023年08月01日\n### 附表：类似物业市场调查表\n1.姑苏区观前街非居住用房\n|项目名称|姑苏区观前街非居住用房|\n|--|--|\n|项目位置|苏州市姑苏区观前街|\n|实景照片|![实景照片](图片内容)|\n|面积|105m²|\n|所在楼层|1F|\n|经营业态|非居住|\n|租金|638元/m²·月|\n## 2.姑苏区观前街非居住用房\n|项目名称|姑苏区观前街非居住用房|\n|--|--|\n|项目位置|苏州市姑苏区观前街1号|\n|实景照片|<img src=\"图片路径（假设存在，实际需补充）\" alt=\"实景照片\">|\n|面积|60m²|\n|所在楼层|1F|\n|经营业态|非居住|\n|租金|625元/m²·月|\n### 3.姑苏区平江路非居住用房\n|项目名称|姑苏区平江路非居住用房|\n|--|--|\n|项目位置|苏州市姑苏区平江路|\n|实景照片|![实景照片](图片内容)|\n|面积|50m²|\n|所在楼层|1F|\n|经营业态|非居住|\n|租金|600 元/ m²·月|\n# 附 件\n一、估价对象位置图\n二、估价对象照片\n三、房地产估价机构营业执照复印件\n四、房地产估价机构备案证书复印件\n五、注册房地产估价师注册证书复印件\n估价对象位置图\n![估价对象位置图](图片内容) \n# 估价对象照片\n统一社会信用代码 913205830695409912\n名称 苏州美和家房地产评估咨询有限公司\n类型 有限责任公司(自然人投资或控股)\n法定代表人 龚萍\n注册资本 252.1 万元整\n成立日期 2006年12月18日\n住所 苏州市东大街54号\n经营范围 房地产价格评估、咨询服务；国土空间规划编制；测绘服务（依法须经批准的项目，经相关部门批准后方可开展经营活动，具体经营项目以审批结果为准） 一般项目：工程管理服务；土地调查评估服务；不动产登记代理服务；社会稳定风险评估；信息技术咨询服务；市场营销策划；企业管理咨询；信息咨询服务（不含许可类信息咨询服务）；房地产经纪；住房租赁；非居住房地产租赁；物业管理；家政服务；专业保洁、清洗、消毒服务；会议及展览服务；广告设计、代理；广告制作；广告发布（非广播电台、电视台、报刊出版单位）；组织文化艺术交流活动；礼仪服务；摄影扩印服务；销售代理（除依法须经批准的项目外，凭营业执照依法自主开展经营活动）\n登记机关 苏州市姑苏区市场监督管理局苏州国家历史文化名城保护区市场监督管理局\n2022年12月01日 \n中华人民共和国\n房地产估价机构备案证书\nREGISTRATION CERTIFICATE FOR REAL ESTATE APPRAISAL COMPANY\nIN THE PEOPLE'S REPUBLIC OF CHINA\n\n机构名称：苏州荣和土地房地产评估咨询有限公司\n法定代表人：魏涛\n（执行事务合伙人）\n\n住所：江苏省苏州市吴中区5 - 1号\n统一社会信用代码：91320506768104695E\n备案等级：贰级\n证书编号：苏建房估备（贰）[2020]0002号\n有效期：2021年1月18日至2026年1月17日\n\n发证机关（公章）\n2023年8月28日 \n本证书由中华人民共和国住房和城乡建设部统一监制。\n本证书合法持有人有权在全国范围内使用注册房地产估价师名称、执行房地产估价业务，有权在房地产估价报告上签字。\nThis certificate is uniformly printed and supervised by the Ministry of Housing and Urban - Rural Development of the People's Republic of China.\nThe bearer of this certificate is entitled to use the name of a registered real - estate appraiser to proceed real estate appraisal practices and to sign on real estate appraisal reports on a nationwide scale.\n\n姓名 / Full name 陶娜\n性别 / Sex 女\n身份证件号码 / ID No. 342423197503170027\n注册号 / Registration No. 32200670314\n执业机构 / Employer 安徽金和土地房地产评估咨询有限公司\n有效期至 / Date of expiry 2025 - 10 - 11\n持证人签名 / Bearer's signature \n\n发证机关 \nNo. 00268831 \n本证书由中华人民共和国住房和城乡建设部统一监制。\n\n本证书合法持有人有权在全国范围内使用注册房地产估价师名称，执行房地产估价业务，有权在房地产估价报告上签字。\n\nThis certificate is uniformly printed and supervised by the Ministry of Housing and Urban - Rural Development of the People's Republic of China.\n\nThe bearer of this certificate is entitled to use the designation of Registered Real Estate Appraiser to proceed real estate appraisal practices and to sign on the real estate appraisal reports on a nationwide scale.\n\n姓名 / Full name\n性别 / Sex\n身份证件号码 / ID No.\n注册号 / Registration No.\n执业机构 / Employer\n有效期至 / Date of expiry\n持证人签名 / Bearer's signature\n\n发证机关\nNo. 00269077\n"
  },
  {
    "input": "新元路8号",
    "city": "姑苏区",
    "name": "新元路8号/苏州市测绘院姑苏分院",
    "address": "江苏省苏州市姑苏区新元路8号",
    "ifTrust": true,
    "isDanger": "false",
    "simplifycontent": "新元路8号问题反映",
    "level": "门址",
    "location": {
      "lng": 329976.0913635494,
      "lat": 665553.1125718844,
      "CGCS2000X": 120.5729811354592,
      "CGCS2000Y": 31.311707558443665
    },
    "filename": "新元路8号.docx",
    "content": "苏科大-苏测院研究生工作站研究课题概述\n一、GEOAI\n（1）研究概述：\n聚焦于人工智能与地理信息科学（GIS）的深度融合，旨在突破传统地理信息服务的交互瓶颈与分析局限，构建更加智能、自然、高效的地理信息处理与应用体系。\n（2）研究内容：\n1）自然语言地图交互\n研究将非结构化语言表达的复杂地理意图，精准转化为可执行的地理空间查询与操作指令，并通过自然语言或可视化方式反馈结果，提升人机交互的直观性与效率。\n2）智能化地名地址匹配\n针对地名地址数据中存在的拼写错误、缩写、别名、多语言混杂及结构不规范等挑战，研发高精度、高鲁棒性的智能匹配算法。\n3）影像智能分割与识别\n研究高精度、细粒度的地物目标（建筑物、道路、植被、车辆）分割与识别，以及变化检测。"
  }
]